Model,Accuracy,Precision,Recall,F1 Score
Logreg,0.737527114967462,0.7574257425742574,0.68,0.7166276346604216
Random Forests,0.7418655097613883,0.7476635514018691,0.7111111111111111,0.7289293849658314
AdaBoost,0.7266811279826464,0.7438423645320197,0.6711111111111111,0.705607476635514
