,Model,Accuracy,Precision,Recall,F1 Score
0,Logreg,0.7526595744680851,0.7183908045977011,0.7396449704142012,0.7288629737609329
1,Random Forests,0.7579787234042553,0.7294117647058823,0.7337278106508875,0.7315634218289085
2,AdaBoost,0.7180851063829787,0.6842105263157895,0.6923076923076923,0.688235294117647
