Model,Accuracy,Precision,Recall,F1 Score
Logreg,0.7331887201735358,0.7835051546391752,0.6523605150214592,0.711943793911007
Random Forests,0.7310195227765727,0.7711442786069652,0.6652360515021459,0.7142857142857142
AdaBoost,0.7310195227765727,0.7658536585365854,0.6738197424892703,0.7168949771689498
