Model,Accuracy,Precision,Recall,F1 Score
Logreg,0.7408376963350786,0.7660818713450293,0.6894736842105263,0.7257617728531855
Random Forests,0.7696335078534031,0.7897727272727273,0.7315789473684211,0.7595628415300547
AdaBoost,0.7408376963350786,0.7513812154696132,0.7157894736842105,0.7331536388140162
