Model,Accuracy,Precision,Recall,F1 Score
Logreg,0.7466307277628033,0.7440476190476191,0.7102272727272727,0.7267441860465116
Random Forests,0.7277628032345014,0.7167630057803468,0.7045454545454546,0.7106017191977079
AdaBoost,0.7439353099730458,0.7341040462427746,0.7215909090909091,0.7277936962750717
