Model,Accuracy,Precision,Recall,F1 Score
Logreg,0.7612732095490716,0.8083832335329342,0.6994818652849741,0.75
Random Forests,0.7612732095490716,0.7724867724867724,0.7564766839378239,0.7643979057591622
AdaBoost,0.7480106100795756,0.7752808988764045,0.7150259067357513,0.7439353099730459
