Model,Accuracy,Precision,Recall,F1 Score
Logreg,0.8262295081967214,0.8516129032258064,0.6139534883720931,0.7135135135135136
Random Forests,0.8245901639344262,0.8176470588235294,0.6465116279069767,0.7220779220779221
AdaBoost,0.8065573770491803,0.7512953367875648,0.6744186046511628,0.7107843137254902
