Model,Accuracy,Precision,Recall,F1 Score
Logreg,0.7830802603036876,0.774869109947644,0.7219512195121951,0.7474747474747476
Random Forests,0.789587852494577,0.7673267326732673,0.7560975609756098,0.7616707616707618
AdaBoost,0.7744034707158352,0.7616580310880829,0.7170731707317073,0.7386934673366835
